No,Topic_Name,TotalIssues,%commits,Commits,TotalRepos,MeanRepos,MedianRepos,stdRepos,Keywords,Topic,ProjectStats
0,Unit Testing,11286,17.53,11286(17.53%),102,110.65,48,237.0419,"test, change, fix, error, comment, remove, add, skip, tolerance, default, warn, back, increase, assert, port, reduce, connection, pytest, assertion, turn","0&Unit Testing&11286(17.53%)&102&110.65&test, change, fix, error, comment, remove, add, skip, tolerance, default, warn, back, increase, assert, port, reduce, connection, pytest, assertion, turn\\ %hline","cp2k/cp2k:2151, m-labs/artiq:599, votca/xtp:536, qutip/qutip:515, deepchem/deepchem:495, hande-qmc/hande:420, LCPQ/quantum_package:330, Qiskit/qiskit-terra:310, theQRL/QRL:288, TRIQS/triqs:265, GQCG/GQCP:264, qutech/qupulse:201, aoterodelaroza/critic2:198, issp-center-dev/HPhi:196, jcmgray/quimb:186, BBN-Q/Qlab:176, quantumlib/Cirq:170, BBN-Q/QGL:150, QE-Lab/OpenQL:139, qiskit-community/qiskit-vscode:138, rigetti/pyquil:121, QuTech-Delft/qtt:120, evaleev/libint:119, XanaduAI/pennylane:118, lneuhaus/pyrpl:116, QuEST-Kit/QuEST:114, catho/quantum:114, softwareQinc/qpp:113, BBN-Q/PyQLab:106, XanaduAI/strawberryfields:105, QInfer/python-qinfer:103, tmancal74/quantarhei:95, qojulia/QuantumOptics.jl:93, Qiskit/qiskit-aer:90, BBN-Q/pyqgl2:86, Izheil/Quantum-Nox-Firefox-Dark-Full-Theme:86, Strilanc/Quirk:76, Qiskit/qiskit-ibmq-provider:72, ngnrsaa/qflex:67, qcdb/qcdb:66, SoftwareQuTech/SimulaQron:65, dauphine-dev/drop-feeds:63, Qiskit/qiskit-ignis:62, quantacms/quanta:59, quantumlib/OpenFermion-Cirq:58, microsoft/qmt:54, lanl/qmasm:53, qucat/qucat:50, Quantum-Game/quantum-game-2:50, Blueqat/Blueqat:49, vm6502q/qrack:49, qulacs/qulacs:47, supernomad/quantum:43, aiidateam/aiida-quantumespresso:38, QuantumBFS/Yao.jl:37, aparent/QCViewer:37, QuantumBFS/YaoBlocks.jl:36, Qiskit/qiskit:36, qubekit/QUBEKit:35, iitis/QuantumInformation.jl:35, qiskit-community/qiskit-js:33, tensorflow/quantum:32, artiste-qb-net/qubiter:32, orbkit/orbkit:31, marvel-nccr/quantum-mobile:31, Quantomatic/pyzx:31, microsoft/QuantumLibraries:27, QuantumPackage/qp2:25, ProjectQ-Framework/ProjectQ:23, softwareQinc/staq:23, microsoft/Quantum:23, microsoft/qsharp-compiler:20, rigetti/forest-benchmarking:18, rigetti/qvm:16, zlatko-minev/pyEPR:16, BBN-Q/QGL.jl:16, vonDonnerstein/QuantumLab.jl:15, exaexa/codecrypt:14, mupq/pqm4:13, foxyproxy/firefox-extension:13, Approximates/dotBloch:13, XanaduAI/blackbird:12, arguelles/nuSQuIDS:12, CQCL/pytket:12, sedabull/quantum-shell:11, firebug/websocket-monitor:10, HuangJunye/QPong:10, ericchansen/q2mm:10, bloomberg/quantum:9, rigetti/rpcq:9, lmacken/quantumrandom:9, decodoku/A_Game_to_Benchmark_Quantum_Computers:8, microsoft/Quantum-NC:7, Quantum-Manager/quantummanager:7, OriginQ/QPanda-2:6, redhat-cip/openstack-quantum-puppet:6, Qiskit/qiskit-jku-provider:5, boschmitt/tweedledum:5, JavaFXpert/quantum-toy-piano-ibmq:4, spikespaz/firefox-nativedark:3, Aris-t2/CustomCSSforFx:2, zoran-cuckovic/QGIS-visibility-analysis:1, "
1,Compiler Coptization,2634,4.09,2634(4.09%),98,26.88,11.5,45.0853,"pass, call, local, move, sequence, program, compile, functionality, compilation, configuration, measurement, simulator, statement, process, work, simple, implement, measure, code, logic","1&Compiler Coptization&2634(4.09%)&98&26.88&pass, call, local, move, sequence, program, compile, functionality, compilation, configuration, measurement, simulator, statement, process, work, simple, implement, measure, code, logic\\ %hline","cp2k/cp2k:320, m-labs/artiq:165, BBN-Q/pyqgl2:144, BBN-Q/Qlab:125, hande-qmc/hande:115, Qiskit/qiskit-terra:114, QE-Lab/OpenQL:100, qutip/qutip:93, quantumlib/Cirq:82, votca/xtp:82, BBN-Q/QGL:75, qutech/qupulse:71, BBN-Q/PyQLab:64, rigetti/pyquil:60, Qiskit/qiskit-aer:59, XanaduAI/pennylane:57, deepchem/deepchem:44, qiskit-community/qiskit-vscode:42, TRIQS/triqs:41, lneuhaus/pyrpl:39, rigetti/qvm:32, Strilanc/Quirk:26, theQRL/QRL:26, aoterodelaroza/critic2:26, QuTech-Delft/qtt:25, SoftwareQuTech/SimulaQron:25, QuEST-Kit/QuEST:24, XanaduAI/strawberryfields:22, GQCG/GQCP:22, evaleev/libint:18, Quantum-Game/quantum-game-2:17, jcmgray/quimb:17, aiidateam/aiida-quantumespresso:16, QInfer/python-qinfer:16, lanl/qmasm:16, qcdb/qcdb:16, microsoft/qmt:16, LCPQ/quantum_package:16, redhat-cip/openstack-quantum-puppet:15, Qiskit/qiskit-jku-provider:15, ngnrsaa/qflex:15, tmancal74/quantarhei:14, vm6502q/qrack:13, aparent/QCViewer:13, supernomad/quantum:13, JavaFXpert/quantum-toy-piano-ibmq:12, issp-center-dev/HPhi:12, softwareQinc/staq:12, qiskit-community/qiskit-js:12, rigetti/forest-benchmarking:11, ProjectQ-Framework/ProjectQ:11, Qiskit/qiskit-ibmq-provider:10, microsoft/qsharp-compiler:10, Izheil/Quantum-Nox-Firefox-Dark-Full-Theme:10, qucat/qucat:10, softwareQinc/qpp:9, artiste-qb-net/qubiter:9, catho/quantum:8, Qiskit/qiskit-ignis:7, Quantomatic/pyzx:7, tensorflow/quantum:6, marvel-nccr/quantum-mobile:6, zlatko-minev/pyEPR:6, rigetti/rpcq:5, microsoft/Quantum:5, BBN-Q/QGL.jl:5, qubekit/QUBEKit:5, HuangJunye/QPong:5, Qiskit/qiskit:4, Approximates/dotBloch:4, ericchansen/q2mm:4, orbkit/orbkit:4, microsoft/QuantumLibraries:4, qojulia/QuantumOptics.jl:4, arguelles/nuSQuIDS:4, sedabull/quantum-shell:4, spikespaz/firefox-nativedark:4, boschmitt/tweedledum:3, quantumlib/OpenFermion-Cirq:3, QuantumBFS/Yao.jl:3, mupq/pqm4:3, quantacms/quanta:3, iitis/QuantumInformation.jl:3, microsoft/Quantum-NC:2, dauphine-dev/drop-feeds:2, QuantumBFS/YaoBlocks.jl:2, Blueqat/Blueqat:2, decodoku/A_Game_to_Benchmark_Quantum_Computers:2, bloomberg/quantum:2, QuantumPackage/qp2:1, OriginQ/QPanda-2:1, XanaduAI/blackbird:1, exaexa/codecrypt:1, CQCL/pytket:1, vonDonnerstein/QuantumLab.jl:1, Aris-t2/CustomCSSforFx:1, qulacs/qulacs:1, lmacken/quantumrandom:1, "
2,Text Formatting,2901,4.51,2901(4.51%),96,30.22,11.5,61.7706,"output, case, line, handle, string, call, close, log, parse, long, standard, replace, image, expression, find, produce, show, range, testing, clear","2&Text Formatting&2901(4.51%)&96&30.22&output, case, line, handle, string, call, close, log, parse, long, standard, replace, image, expression, find, produce, show, range, testing, clear\\ %hline","cp2k/cp2k:489, m-labs/artiq:281, hande-qmc/hande:157, qutip/qutip:142, votca/xtp:140, dauphine-dev/drop-feeds:112, aoterodelaroza/critic2:72, Qiskit/qiskit-terra:67, Izheil/Quantum-Nox-Firefox-Dark-Full-Theme:63, TRIQS/triqs:59, quantumlib/Cirq:55, theQRL/QRL:54, BBN-Q/Qlab:51, qutech/qupulse:50, qiskit-community/qiskit-vscode:43, aiidateam/aiida-quantumespresso:42, catho/quantum:40, BBN-Q/pyqgl2:39, QE-Lab/OpenQL:38, BBN-Q/PyQLab:38, issp-center-dev/HPhi:36, deepchem/deepchem:35, Strilanc/Quirk:34, BBN-Q/QGL:34, lanl/qmasm:29, QuTech-Delft/qtt:29, microsoft/qsharp-compiler:28, qucat/qucat:27, rigetti/pyquil:27, aparent/QCViewer:27, evaleev/libint:26, quantacms/quanta:26, QuEST-Kit/QuEST:24, Quantum-Game/quantum-game-2:23, lneuhaus/pyrpl:22, ericchansen/q2mm:20, ngnrsaa/qflex:18, tmancal74/quantarhei:18, GQCG/GQCP:18, qubekit/QUBEKit:16, supernomad/quantum:16, rigetti/qvm:15, orbkit/orbkit:15, jcmgray/quimb:15, XanaduAI/pennylane:13, Quantomatic/pyzx:13, qojulia/QuantumOptics.jl:12, HuangJunye/QPong:12, foxyproxy/firefox-extension:11, exaexa/codecrypt:11, XanaduAI/strawberryfields:11, Qiskit/qiskit:11, SoftwareQuTech/SimulaQron:11, Approximates/dotBloch:10, LCPQ/quantum_package:10, Qiskit/qiskit-ignis:9, qcdb/qcdb:9, firebug/websocket-monitor:8, QInfer/python-qinfer:8, Qiskit/qiskit-ibmq-provider:7, artiste-qb-net/qubiter:7, tensorflow/quantum:7, Qiskit/qiskit-aer:7, microsoft/qmt:7, sedabull/quantum-shell:6, softwareQinc/qpp:6, zlatko-minev/pyEPR:5, lmacken/quantumrandom:5, spikespaz/firefox-nativedark:5, microsoft/QuantumLibraries:4, rigetti/rpcq:4, microsoft/Quantum:4, BBN-Q/QGL.jl:4, XanaduAI/blackbird:4, mupq/pqm4:4, vm6502q/qrack:4, Blueqat/Blueqat:4, qiskit-community/qiskit-js:4, marvel-nccr/quantum-mobile:4, Aris-t2/CustomCSSforFx:3, softwareQinc/staq:3, qulacs/qulacs:3, quantumlib/OpenFermion-Cirq:2, vonDonnerstein/QuantumLab.jl:2, redhat-cip/openstack-quantum-puppet:2, decodoku/A_Game_to_Benchmark_Quantum_Computers:2, bloomberg/quantum:2, JavaFXpert/quantum-toy-piano-ibmq:2, Quantum-Manager/quantummanager:2, OriginQ/QPanda-2:1, Qiskit/qiskit-jku-provider:1, QuantumBFS/YaoBlocks.jl:1, microsoft/Quantum-NC:1, CQCL/pytket:1, rigetti/forest-benchmarking:1, ProjectQ-Framework/ProjectQ:1, "
3,Visualize Pulse and Scheduling/ Bugfix,2445,3.8,2445(3.8%),92,26.58,9,49.4822,"error, fix, check, bug, code, argument, unit, plot, channel, empty, pulse, car, merge, schedule, function, condition, convert, comment, embed, base","3&Visualize Pulse and Scheduling/ Bugfix&2445(3.8%)&92&26.58&error, fix, check, bug, code, argument, unit, plot, channel, empty, pulse, car, merge, schedule, function, condition, convert, comment, embed, base\\ %hline","cp2k/cp2k:290, BBN-Q/QGL:194, BBN-Q/Qlab:182, qutip/qutip:163, BBN-Q/PyQLab:161, m-labs/artiq:147, votca/xtp:107, qutech/qupulse:103, Qiskit/qiskit-terra:89, hande-qmc/hande:76, QuTech-Delft/qtt:59, quantumlib/Cirq:55, deepchem/deepchem:48, BBN-Q/pyqgl2:44, aoterodelaroza/critic2:41, QE-Lab/OpenQL:34, tmancal74/quantarhei:30, TRIQS/triqs:30, theQRL/QRL:25, Strilanc/Quirk:21, QInfer/python-qinfer:21, lneuhaus/pyrpl:21, LCPQ/quantum_package:21, qiskit-community/qiskit-vscode:20, rigetti/pyquil:19, QuEST-Kit/QuEST:18, jcmgray/quimb:17, BBN-Q/QGL.jl:17, catho/quantum:16, qucat/qucat:16, GQCG/GQCP:14, Qiskit/qiskit-aer:13, lanl/qmasm:13, evaleev/libint:13, iitis/QuantumInformation.jl:13, qojulia/QuantumOptics.jl:12, SoftwareQuTech/SimulaQron:12, Quantomatic/pyzx:12, XanaduAI/pennylane:11, artiste-qb-net/qubiter:11, Qiskit/qiskit-ignis:11, zlatko-minev/pyEPR:11, microsoft/qmt:10, ngnrsaa/qflex:10, dauphine-dev/drop-feeds:10, issp-center-dev/HPhi:9, vm6502q/qrack:9, ericchansen/q2mm:8, XanaduAI/strawberryfields:8, orbkit/orbkit:8, Izheil/Quantum-Nox-Firefox-Dark-Full-Theme:8, rigetti/qvm:7, exaexa/codecrypt:7, Quantum-Game/quantum-game-2:7, QuantumBFS/Yao.jl:7, aparent/QCViewer:7, Qiskit/qiskit-ibmq-provider:6, Qiskit/qiskit:6, softwareQinc/qpp:6, rigetti/forest-benchmarking:5, rigetti/rpcq:5, quantacms/quanta:5, tensorflow/quantum:5, bloomberg/quantum:5, qubekit/QUBEKit:5, microsoft/Quantum:4, microsoft/QuantumLibraries:4, quantumlib/OpenFermion-Cirq:3, ProjectQ-Framework/ProjectQ:3, HuangJunye/QPong:3, supernomad/quantum:3, microsoft/qsharp-compiler:3, sedabull/quantum-shell:2, qcdb/qcdb:2, qiskit-community/qiskit-js:2, QuantumBFS/YaoBlocks.jl:2, softwareQinc/staq:2, marvel-nccr/quantum-mobile:2, Aris-t2/CustomCSSforFx:2, vonDonnerstein/QuantumLab.jl:2, aiidateam/aiida-quantumespresso:1, redhat-cip/openstack-quantum-puppet:1, Blueqat/Blueqat:1, mupq/pqm4:1, foxyproxy/firefox-extension:1, arguelles/nuSQuIDS:1, decodoku/A_Game_to_Benchmark_Quantum_Computers:1, firebug/websocket-monitor:1, XanaduAI/blackbird:1, CQCL/pytket:1, qulacs/qulacs:1, QuantumPackage/qp2:1, "
4,Optimization Algorithms/ Bug fix,2174,3.38,2174(3.38%),92,23.63,9.5,46.1278,"optimization, bit, debug, bug, unit_test, fix, remove, control, phase, benchmark, optimize, device, check, case, coverage, buffer, testing, cleanup, single, comment","4&Optimization Algorithms/ Bug fix&2174(3.38%)&92&23.63&optimization, bit, debug, bug, unit_test, fix, remove, control, phase, benchmark, optimize, device, check, case, coverage, buffer, testing, cleanup, single, comment\\ %hline","cp2k/cp2k:331, vm6502q/qrack:235, m-labs/artiq:133, qutip/qutip:119, votca/xtp:90, hande-qmc/hande:88, BBN-Q/Qlab:70, Qiskit/qiskit-terra:59, theQRL/QRL:50, deepchem/deepchem:47, quantumlib/Cirq:42, TRIQS/triqs:41, Qiskit/qiskit-aer:35, QuEST-Kit/QuEST:33, aoterodelaroza/critic2:31, jcmgray/quimb:31, Strilanc/Quirk:29, QE-Lab/OpenQL:28, BBN-Q/QGL:28, mupq/pqm4:25, evaleev/libint:24, GQCG/GQCP:24, lneuhaus/pyrpl:23, qojulia/QuantumOptics.jl:23, Quantomatic/pyzx:22, LCPQ/quantum_package:22, XanaduAI/pennylane:21, BBN-Q/PyQLab:20, rigetti/pyquil:18, qutech/qupulse:18, QInfer/python-qinfer:18, catho/quantum:17, supernomad/quantum:16, Quantum-Game/quantum-game-2:16, SoftwareQuTech/SimulaQron:15, softwareQinc/staq:13, issp-center-dev/HPhi:13, Approximates/dotBloch:13, BBN-Q/pyqgl2:12, tmancal74/quantarhei:12, ngnrsaa/qflex:12, microsoft/qmt:12, qucat/qucat:11, QuantumBFS/Yao.jl:10, Qiskit/qiskit:10, artiste-qb-net/qubiter:10, QuTech-Delft/qtt:9, quantacms/quanta:9, aparent/QCViewer:9, iitis/QuantumInformation.jl:9, qiskit-community/qiskit-vscode:9, exaexa/codecrypt:8, HuangJunye/QPong:8, lanl/qmasm:8, XanaduAI/strawberryfields:7, dauphine-dev/drop-feeds:7, tensorflow/quantum:6, rigetti/qvm:6, microsoft/qsharp-compiler:6, zlatko-minev/pyEPR:6, Izheil/Quantum-Nox-Firefox-Dark-Full-Theme:6, microsoft/QuantumLibraries:5, qulacs/qulacs:5, decodoku/A_Game_to_Benchmark_Quantum_Computers:5, qcdb/qcdb:5, ProjectQ-Framework/ProjectQ:4, qiskit-community/qiskit-js:4, microsoft/Quantum:4, marvel-nccr/quantum-mobile:4, qubekit/QUBEKit:4, arguelles/nuSQuIDS:4, Qiskit/qiskit-ignis:4, Blueqat/Blueqat:4, QuantumBFS/YaoBlocks.jl:3, foxyproxy/firefox-extension:3, vonDonnerstein/QuantumLab.jl:3, bloomberg/quantum:3, sedabull/quantum-shell:3, softwareQinc/qpp:3, Qiskit/qiskit-ibmq-provider:2, lmacken/quantumrandom:2, orbkit/orbkit:2, quantumlib/OpenFermion-Cirq:2, rigetti/forest-benchmarking:2, Qiskit/qiskit-jku-provider:2, spikespaz/firefox-nativedark:2, BBN-Q/QGL.jl:2, Aris-t2/CustomCSSforFx:1, ericchansen/q2mm:1, redhat-cip/openstack-quantum-puppet:1, microsoft/Quantum-NC:1, CQCL/pytket:1, "
5,Feature Implementation and Expansion,2162,3.36,2162(3.36%),92,23.5,9.5,48.5227,"implementation, block, base, define, make, introduce, field, current, user, break, provide, part, specific, model, exist, easy, constant, optional, feature, include","5&Feature Implementation and Expansion&2162(3.36%)&92&23.5&implementation, block, base, define, make, introduce, field, current, user, break, provide, part, specific, model, exist, easy, constant, optional, feature, include\\ %hline","cp2k/cp2k:415, m-labs/artiq:121, hande-qmc/hande:114, theQRL/QRL:95, TRIQS/triqs:88, qutip/qutip:87, aoterodelaroza/critic2:78, quantumlib/Cirq:71, votca/xtp:69, BBN-Q/pyqgl2:54, tmancal74/quantarhei:47, Qiskit/qiskit-terra:46, deepchem/deepchem:45, BBN-Q/Qlab:44, BBN-Q/QGL:40, GQCG/GQCP:40, qutech/qupulse:35, BBN-Q/PyQLab:28, QE-Lab/OpenQL:27, aiidateam/aiida-quantumespresso:24, evaleev/libint:24, jcmgray/quimb:24, QInfer/python-qinfer:21, Strilanc/Quirk:19, lanl/qmasm:18, lneuhaus/pyrpl:17, QuEST-Kit/QuEST:17, Izheil/Quantum-Nox-Firefox-Dark-Full-Theme:17, qojulia/QuantumOptics.jl:15, microsoft/qmt:15, mupq/pqm4:14, rigetti/pyquil:14, quantacms/quanta:14, LCPQ/quantum_package:14, XanaduAI/pennylane:13, QuTech-Delft/qtt:13, issp-center-dev/HPhi:13, microsoft/qsharp-compiler:12, ericchansen/q2mm:12, qiskit-community/qiskit-vscode:12, Quantomatic/pyzx:12, qucat/qucat:12, rigetti/qvm:11, marvel-nccr/quantum-mobile:11, supernomad/quantum:11, vm6502q/qrack:10, Qiskit/qiskit-ibmq-provider:9, catho/quantum:9, Qiskit/qiskit-aer:9, QuantumBFS/Yao.jl:8, QuantumBFS/YaoBlocks.jl:8, orbkit/orbkit:8, softwareQinc/qpp:8, ngnrsaa/qflex:8, SoftwareQuTech/SimulaQron:7, quantumlib/OpenFermion-Cirq:6, exaexa/codecrypt:6, dauphine-dev/drop-feeds:6, vonDonnerstein/QuantumLab.jl:6, qubekit/QUBEKit:6, boschmitt/tweedledum:6, qiskit-community/qiskit-js:5, XanaduAI/strawberryfields:5, artiste-qb-net/qubiter:5, bloomberg/quantum:5, firebug/websocket-monitor:5, aparent/QCViewer:5, Approximates/dotBloch:5, microsoft/QuantumLibraries:4, JavaFXpert/quantum-toy-piano-ibmq:4, qulacs/qulacs:4, Quantum-Game/quantum-game-2:4, sedabull/quantum-shell:3, Qiskit/qiskit-ignis:3, Qiskit/qiskit:3, redhat-cip/openstack-quantum-puppet:3, Blueqat/Blueqat:3, zlatko-minev/pyEPR:3, qcdb/qcdb:3, softwareQinc/staq:3, arguelles/nuSQuIDS:3, ProjectQ-Framework/ProjectQ:3, microsoft/Quantum:2, HuangJunye/QPong:2, rigetti/rpcq:2, QuantumPackage/qp2:2, BBN-Q/QGL.jl:2, tensorflow/quantum:2, iitis/QuantumInformation.jl:2, foxyproxy/firefox-extension:2, spikespaz/firefox-nativedark:1, Quantum-Manager/quantummanager:1, "
6,Code Refactoring,1675,2.6,1675(2.6%),90,18.61,10.5,28.3643,"add, move, rename, improve, implement, documentation, init, ignore, rotation, remove_unnecessary, functionality, util, refactor, base, constructor, todo, type_hint, definition, copyright, refactore","6&Code Refactoring&1675(2.6%)&90&18.61&add, move, rename, improve, implement, documentation, init, ignore, rotation, remove_unnecessary, functionality, util, refactor, base, constructor, todo, type_hint, definition, copyright, refactore\\ %hline","cp2k/cp2k:211, Qiskit/qiskit-terra:110, QuTech-Delft/qtt:79, qutip/qutip:77, votca/xtp:67, m-labs/artiq:54, TRIQS/triqs:53, quantumlib/Cirq:52, hande-qmc/hande:51, GQCG/GQCP:46, Strilanc/Quirk:41, Qiskit/qiskit-aer:37, theQRL/QRL:37, Qiskit/qiskit-ibmq-provider:36, rigetti/pyquil:28, jcmgray/quimb:27, deepchem/deepchem:27, BBN-Q/Qlab:26, QuEST-Kit/QuEST:22, QE-Lab/OpenQL:21, aoterodelaroza/critic2:21, qutech/qupulse:19, Qiskit/qiskit-ignis:18, Approximates/dotBloch:18, softwareQinc/qpp:18, quantumlib/OpenFermion-Cirq:17, XanaduAI/pennylane:16, SoftwareQuTech/SimulaQron:16, BBN-Q/PyQLab:16, BBN-Q/QGL:16, tmancal74/quantarhei:15, QuantumBFS/Yao.jl:14, orbkit/orbkit:14, QInfer/python-qinfer:14, Quantum-Game/quantum-game-2:13, qucat/qucat:13, BBN-Q/pyqgl2:13, Qiskit/qiskit:12, qojulia/QuantumOptics.jl:12, qcdb/qcdb:12, evaleev/libint:11, qubekit/QUBEKit:11, zlatko-minev/pyEPR:11, catho/quantum:11, issp-center-dev/HPhi:11, XanaduAI/strawberryfields:10, vm6502q/qrack:10, aparent/QCViewer:10, tensorflow/quantum:9, microsoft/QuantumLibraries:9, ngnrsaa/qflex:9, LCPQ/quantum_package:9, mupq/pqm4:8, aiidateam/aiida-quantumespresso:8, ericchansen/q2mm:7, Quantomatic/pyzx:7, lneuhaus/pyrpl:7, quantacms/quanta:7, microsoft/Quantum:6, microsoft/qmt:6, artiste-qb-net/qubiter:6, QuantumBFS/YaoBlocks.jl:5, marvel-nccr/quantum-mobile:5, rigetti/forest-benchmarking:5, qiskit-community/qiskit-js:5, qulacs/qulacs:5, microsoft/qsharp-compiler:4, ProjectQ-Framework/ProjectQ:4, HuangJunye/QPong:4, Blueqat/Blueqat:4, iitis/QuantumInformation.jl:4, decodoku/A_Game_to_Benchmark_Quantum_Computers:3, OriginQ/QPanda-2:3, supernomad/quantum:3, qiskit-community/qiskit-vscode:3, firebug/websocket-monitor:3, Izheil/Quantum-Nox-Firefox-Dark-Full-Theme:3, bloomberg/quantum:2, rigetti/qvm:2, redhat-cip/openstack-quantum-puppet:2, Qiskit/qiskit-jku-provider:2, exaexa/codecrypt:2, dauphine-dev/drop-feeds:2, foxyproxy/firefox-extension:2, XanaduAI/blackbird:1, BBN-Q/QGL.jl:1, vonDonnerstein/QuantumLab.jl:1, arguelles/nuSQuIDS:1, lanl/qmasm:1, sedabull/quantum-shell:1, "
7,Data Structure and Data Model,1910,2.97,1910(2.97%),95,20.11,9,34.221,"method, list, return, object, result, class, attribute, property, exception, order, set, key, handle, backend, base, replace, dict, status, converter, qobj","7&Data Structure and Data Model&1910(2.97%)&95&20.11&method, list, return, object, result, class, attribute, property, exception, order, set, key, handle, backend, base, replace, dict, status, converter, qobj\\ %hline","Qiskit/qiskit-terra:233, qutip/qutip:146, cp2k/cp2k:125, m-labs/artiq:116, quantumlib/Cirq:84, votca/xtp:63, qutech/qupulse:62, TRIQS/triqs:60, Qiskit/qiskit-ibmq-provider:54, hande-qmc/hande:52, Qiskit/qiskit-aer:51, BBN-Q/pyqgl2:44, deepchem/deepchem:41, BBN-Q/QGL:33, quantacms/quanta:31, jcmgray/quimb:29, BBN-Q/Qlab:29, BBN-Q/PyQLab:29, rigetti/pyquil:28, GQCG/GQCP:26, Strilanc/Quirk:24, qiskit-community/qiskit-vscode:23, theQRL/QRL:23, aiidateam/aiida-quantumespresso:22, XanaduAI/pennylane:22, evaleev/libint:19, tmancal74/quantarhei:19, QuTech-Delft/qtt:19, lanl/qmasm:15, QE-Lab/OpenQL:15, catho/quantum:15, ericchansen/q2mm:14, lneuhaus/pyrpl:14, microsoft/qmt:13, SoftwareQuTech/SimulaQron:13, qojulia/QuantumOptics.jl:13, aoterodelaroza/critic2:13, XanaduAI/strawberryfields:13, issp-center-dev/HPhi:11, qubekit/QUBEKit:11, LCPQ/quantum_package:11, Approximates/dotBloch:11, QInfer/python-qinfer:10, exaexa/codecrypt:10, artiste-qb-net/qubiter:10, QuEST-Kit/QuEST:10, Qiskit/qiskit-ignis:9, orbkit/orbkit:9, microsoft/qsharp-compiler:9, qucat/qucat:8, Quantomatic/pyzx:8, rigetti/qvm:7, vm6502q/qrack:6, quantumlib/OpenFermion-Cirq:6, aparent/QCViewer:6, firebug/websocket-monitor:6, Blueqat/Blueqat:6, Quantum-Game/quantum-game-2:6, ngnrsaa/qflex:6, iitis/QuantumInformation.jl:5, softwareQinc/qpp:5, ProjectQ-Framework/ProjectQ:5, Qiskit/qiskit-jku-provider:5, qiskit-community/qiskit-js:5, CQCL/pytket:5, supernomad/quantum:4, BBN-Q/QGL.jl:4, JavaFXpert/quantum-toy-piano-ibmq:4, dauphine-dev/drop-feeds:4, bloomberg/quantum:3, zlatko-minev/pyEPR:3, qcdb/qcdb:3, rigetti/forest-benchmarking:3, decodoku/A_Game_to_Benchmark_Quantum_Computers:3, Izheil/Quantum-Nox-Firefox-Dark-Full-Theme:3, softwareQinc/staq:2, sedabull/quantum-shell:2, Qiskit/qiskit:2, vonDonnerstein/QuantumLab.jl:2, QuantumBFS/Yao.jl:2, OriginQ/QPanda-2:1, marvel-nccr/quantum-mobile:1, Aris-t2/CustomCSSforFx:1, QuantumBFS/YaoBlocks.jl:1, rigetti/rpcq:1, redhat-cip/openstack-quantum-puppet:1, lmacken/quantumrandom:1, qulacs/qulacs:1, XanaduAI/blackbird:1, mupq/pqm4:1, microsoft/QuantumLibraries:1, QuantumPackage/qp2:1, Quantum-Manager/quantummanager:1, foxyproxy/firefox-extension:1, tensorflow/quantum:1, "
8,Code Depreciation,2148,3.34,2148(3.34%),94,22.85,8,85.5037,"update, fix, minor_version, warning, remove, minor, comment, sample, miss, move, rename, address, begin, bug, deprecation, namespace, clean, conversion, split, late","8&Code Depreciation&2148(3.34%)&94&22.85&update, fix, minor_version, warning, remove, minor, comment, sample, miss, move, rename, address, begin, bug, deprecation, namespace, clean, conversion, split, late\\ %hline","cp2k/cp2k:824, Qiskit/qiskit-terra:122, QuTech-Delft/qtt:66, votca/xtp:62, theQRL/QRL:61, hande-qmc/hande:59, qutip/qutip:48, microsoft/Quantum:42, m-labs/artiq:42, Qiskit/qiskit:36, deepchem/deepchem:33, XanaduAI/pennylane:32, BBN-Q/Qlab:32, TRIQS/triqs:30, microsoft/QuantumLibraries:27, quantumlib/Cirq:23, rigetti/pyquil:22, jcmgray/quimb:21, catho/quantum:20, Qiskit/qiskit-ibmq-provider:20, XanaduAI/strawberryfields:20, aoterodelaroza/critic2:19, BBN-Q/QGL:18, LCPQ/quantum_package:16, QE-Lab/OpenQL:16, qubekit/QUBEKit:16, qutech/qupulse:16, QuantumBFS/Yao.jl:15, dauphine-dev/drop-feeds:14, BBN-Q/PyQLab:14, evaleev/libint:13, QuEST-Kit/QuEST:13, GQCG/GQCP:13, qiskit-community/qiskit-js:13, Qiskit/qiskit-ignis:12, microsoft/qmt:12, zlatko-minev/pyEPR:11, Izheil/Quantum-Nox-Firefox-Dark-Full-Theme:11, tensorflow/quantum:10, qojulia/QuantumOptics.jl:10, QInfer/python-qinfer:10, Quantum-Game/quantum-game-2:9, Strilanc/Quirk:9, Qiskit/qiskit-aer:9, marvel-nccr/quantum-mobile:9, lneuhaus/pyrpl:9, QuantumBFS/YaoBlocks.jl:8, qcdb/qcdb:8, rigetti/forest-benchmarking:7, BBN-Q/pyqgl2:7, ProjectQ-Framework/ProjectQ:7, qiskit-community/qiskit-vscode:7, orbkit/orbkit:7, Blueqat/Blueqat:7, Qiskit/qiskit-jku-provider:6, microsoft/qsharp-compiler:6, supernomad/quantum:6, quantumlib/OpenFermion-Cirq:5, rigetti/qvm:5, exaexa/codecrypt:5, Quantomatic/pyzx:5, qucat/qucat:5, vm6502q/qrack:5, softwareQinc/qpp:5, issp-center-dev/HPhi:5, quantacms/quanta:5, mupq/pqm4:4, aiidateam/aiida-quantumespresso:4, bloomberg/quantum:4, CQCL/pytket:4, aparent/QCViewer:4, QuantumPackage/qp2:3, iitis/QuantumInformation.jl:3, Approximates/dotBloch:3, JavaFXpert/quantum-toy-piano-ibmq:3, ngnrsaa/qflex:3, SoftwareQuTech/SimulaQron:3, softwareQinc/staq:3, microsoft/Quantum-NC:3, boschmitt/tweedledum:2, HuangJunye/QPong:2, lanl/qmasm:2, sedabull/quantum-shell:2, tmancal74/quantarhei:2, ericchansen/q2mm:2, XanaduAI/blackbird:2, firebug/websocket-monitor:2, foxyproxy/firefox-extension:2, rigetti/rpcq:1, arguelles/nuSQuIDS:1, spikespaz/firefox-nativedark:1, lmacken/quantumrandom:1, qulacs/qulacs:1, redhat-cip/openstack-quantum-puppet:1, "
9,Documentation,2750,4.27,2750(4.27%),99,27.78,14,45.5814,"change, documentation, format, reference, link, section, miss, tutorial, note, readme, description, page, table, text, include, manual, figure, final, edit, main","9&Documentation&2750(4.27%)&99&27.78&change, documentation, format, reference, link, section, miss, tutorial, note, readme, description, page, table, text, include, manual, figure, final, edit, main\\ %hline","cp2k/cp2k:356, hande-qmc/hande:167, Qiskit/qiskit-terra:143, m-labs/artiq:110, qutip/qutip:107, votca/xtp:107, Qiskit/qiskit:88, TRIQS/triqs:86, Izheil/Quantum-Nox-Firefox-Dark-Full-Theme:85, quantumlib/Cirq:78, rigetti/pyquil:66, XanaduAI/pennylane:65, aoterodelaroza/critic2:59, issp-center-dev/HPhi:47, deepchem/deepchem:45, qutech/qupulse:43, theQRL/QRL:42, quantacms/quanta:35, BBN-Q/QGL:35, marvel-nccr/quantum-mobile:33, Strilanc/Quirk:33, BBN-Q/Qlab:32, GQCG/GQCP:30, Quantum-Game/quantum-game-2:28, qiskit-community/qiskit-vscode:28, aparent/QCViewer:28, QuTech-Delft/qtt:27, QuEST-Kit/QuEST:27, QInfer/python-qinfer:26, QE-Lab/OpenQL:25, catho/quantum:24, artiste-qb-net/qubiter:24, dauphine-dev/drop-feeds:22, XanaduAI/strawberryfields:22, BBN-Q/pyqgl2:22, Qiskit/qiskit-aer:21, Qiskit/qiskit-ignis:20, softwareQinc/qpp:20, evaleev/libint:19, supernomad/quantum:19, orbkit/orbkit:18, SoftwareQuTech/SimulaQron:18, qojulia/QuantumOptics.jl:17, qiskit-community/qiskit-js:17, qubekit/QUBEKit:17, tmancal74/quantarhei:16, jcmgray/quimb:16, BBN-Q/PyQLab:15, LCPQ/quantum_package:15, Qiskit/qiskit-ibmq-provider:14, quantumlib/OpenFermion-Cirq:14, ericchansen/q2mm:14, lanl/qmasm:14, microsoft/Quantum:13, Quantomatic/pyzx:13, lneuhaus/pyrpl:12, spikespaz/firefox-nativedark:12, foxyproxy/firefox-extension:12, ngnrsaa/qflex:12, tensorflow/quantum:11, microsoft/qmt:10, qucat/qucat:10, qcdb/qcdb:10, aiidateam/aiida-quantumespresso:9, rigetti/forest-benchmarking:9, rigetti/qvm:8, zlatko-minev/pyEPR:8, firebug/websocket-monitor:7, exaexa/codecrypt:7, microsoft/qsharp-compiler:7, vm6502q/qrack:6, QuantumBFS/Yao.jl:6, decodoku/A_Game_to_Benchmark_Quantum_Computers:6, mupq/pqm4:5, arguelles/nuSQuIDS:5, iitis/QuantumInformation.jl:5, ProjectQ-Framework/ProjectQ:4, JavaFXpert/quantum-toy-piano-ibmq:4, microsoft/QuantumLibraries:3, HuangJunye/QPong:3, Qiskit/qiskit-jku-provider:3, XanaduAI/blackbird:3, CQCL/pytket:3, Blueqat/Blueqat:3, lmacken/quantumrandom:3, sedabull/quantum-shell:2, rigetti/rpcq:2, QuantumPackage/qp2:2, softwareQinc/staq:2, bloomberg/quantum:2, microsoft/Quantum-NC:1, QuantumBFS/YaoBlocks.jl:1, redhat-cip/openstack-quantum-puppet:1, qulacs/qulacs:1, BBN-Q/QGL.jl:1, zoran-cuckovic/QGIS-visibility-analysis:1, Aris-t2/CustomCSSforFx:1, vonDonnerstein/QuantumLab.jl:1, Approximates/dotBloch:1, "
10,Atomic Orbital and Energies of Orbital,3177,4.93,3177(4.93%),81,39.22,6,177.5938,"input, calculation, read, energy, regtest, orbital, structure, atom, force, molecule, due, spin, charge, cell, density, restart, scf, core, moment, computation","10&Atomic Orbital and Energies of Orbital&3177(4.93%)&81&39.22&input, calculation, read, energy, regtest, orbital, structure, atom, force, molecule, due, spin, charge, cell, density, restart, scf, core, moment, computation\\ %hline","cp2k/cp2k:1564, hande-qmc/hande:276, votca/xtp:251, aoterodelaroza/critic2:161, aiidateam/aiida-quantumespresso:117, issp-center-dev/HPhi:59, qutip/qutip:59, m-labs/artiq:52, LCPQ/quantum_package:51, tmancal74/quantarhei:42, GQCG/GQCP:40, ericchansen/q2mm:36, evaleev/libint:27, deepchem/deepchem:27, orbkit/orbkit:23, TRIQS/triqs:23, lanl/qmasm:20, jcmgray/quimb:20, catho/quantum:16, Quantum-Game/quantum-game-2:14, Strilanc/Quirk:13, quantumlib/Cirq:12, QuTech-Delft/qtt:12, BBN-Q/QGL:12, microsoft/qmt:11, qubekit/QUBEKit:10, theQRL/QRL:10, qojulia/QuantumOptics.jl:10, BBN-Q/Qlab:10, XanaduAI/pennylane:9, QInfer/python-qinfer:9, qcdb/qcdb:8, SoftwareQuTech/SimulaQron:8, QuEST-Kit/QuEST:8, zlatko-minev/pyEPR:7, QuantumPackage/qp2:7, QE-Lab/OpenQL:7, Qiskit/qiskit-terra:7, BBN-Q/pyqgl2:6, quantacms/quanta:6, lneuhaus/pyrpl:6, Qiskit/qiskit-ignis:6, XanaduAI/strawberryfields:5, vonDonnerstein/QuantumLab.jl:5, BBN-Q/PyQLab:5, qucat/qucat:5, artiste-qb-net/qubiter:5, qutech/qupulse:5, Izheil/Quantum-Nox-Firefox-Dark-Full-Theme:5, ngnrsaa/qflex:5, qiskit-community/qiskit-vscode:4, arguelles/nuSQuIDS:4, rigetti/pyquil:4, supernomad/quantum:4, Quantomatic/pyzx:4, marvel-nccr/quantum-mobile:4, Qiskit/qiskit-aer:3, firebug/websocket-monitor:3, Qiskit/qiskit-ibmq-provider:3, QuantumBFS/YaoBlocks.jl:3, decodoku/A_Game_to_Benchmark_Quantum_Computers:3, iitis/QuantumInformation.jl:2, aparent/QCViewer:2, quantumlib/OpenFermion-Cirq:2, mupq/pqm4:2, bloomberg/quantum:2, microsoft/Quantum:2, spikespaz/firefox-nativedark:1, JavaFXpert/quantum-toy-piano-ibmq:1, BBN-Q/QGL.jl:1, Blueqat/Blueqat:1, softwareQinc/qpp:1, Approximates/dotBloch:1, microsoft/qsharp-compiler:1, Qiskit/qiskit:1, OriginQ/QPanda-2:1, Qiskit/qiskit-jku-provider:1, sedabull/quantum-shell:1, dauphine-dev/drop-feeds:1, exaexa/codecrypt:1, microsoft/QuantumLibraries:1, "
11,Optimise Memory Management,2397,3.72,2397(3.72%),94,25.5,8,71.0663,"datum, print, write, routine, memory, avoid, information, point, gradient, performance, time, common, kernel, large, request, wavefunction, speed, problem, cc_cdfa, additional","11&Optimise Memory Management&2397(3.72%)&94&25.5&datum, print, write, routine, memory, avoid, information, point, gradient, performance, time, common, kernel, large, request, wavefunction, speed, problem, cc_cdfa, additional\\ %hline","cp2k/cp2k:583, m-labs/artiq:273, hande-qmc/hande:250, votca/xtp:106, BBN-Q/Qlab:94, theQRL/QRL:83, qutip/qutip:81, aoterodelaroza/critic2:56, deepchem/deepchem:47, quantumlib/Cirq:37, LCPQ/quantum_package:36, QE-Lab/OpenQL:35, BBN-Q/QGL:31, microsoft/qmt:29, BBN-Q/PyQLab:27, ericchansen/q2mm:26, tmancal74/quantarhei:26, TRIQS/triqs:23, rigetti/pyquil:23, Strilanc/Quirk:23, GQCG/GQCP:21, lneuhaus/pyrpl:19, QInfer/python-qinfer:19, jcmgray/quimb:18, Qiskit/qiskit-terra:18, Qiskit/qiskit-aer:17, bloomberg/quantum:17, qutech/qupulse:17, qucat/qucat:14, BBN-Q/pyqgl2:14, QuEST-Kit/QuEST:14, evaleev/libint:13, qojulia/QuantumOptics.jl:13, QuTech-Delft/qtt:12, lanl/qmasm:11, qubekit/QUBEKit:11, ngnrsaa/qflex:11, issp-center-dev/HPhi:11, HuangJunye/QPong:10, aiidateam/aiida-quantumespresso:10, XanaduAI/pennylane:10, Izheil/Quantum-Nox-Firefox-Dark-Full-Theme:10, aparent/QCViewer:9, qiskit-community/qiskit-vscode:9, supernomad/quantum:8, quantacms/quanta:8, artiste-qb-net/qubiter:8, exaexa/codecrypt:8, orbkit/orbkit:7, SoftwareQuTech/SimulaQron:7, zlatko-minev/pyEPR:7, dauphine-dev/drop-feeds:6, arguelles/nuSQuIDS:6, decodoku/A_Game_to_Benchmark_Quantum_Computers:6, rigetti/qvm:5, marvel-nccr/quantum-mobile:5, Quantomatic/pyzx:5, lmacken/quantumrandom:5, microsoft/QuantumLibraries:5, rigetti/forest-benchmarking:4, XanaduAI/strawberryfields:4, Blueqat/Blueqat:4, qcdb/qcdb:4, QuantumPackage/qp2:4, microsoft/qsharp-compiler:4, Quantum-Game/quantum-game-2:4, softwareQinc/staq:3, spikespaz/firefox-nativedark:3, ProjectQ-Framework/ProjectQ:3, catho/quantum:3, Approximates/dotBloch:3, vonDonnerstein/QuantumLab.jl:3, qiskit-community/qiskit-js:3, Qiskit/qiskit-ibmq-provider:2, QuantumBFS/YaoBlocks.jl:2, Qiskit/qiskit:2, mupq/pqm4:2, tensorflow/quantum:2, sedabull/quantum-shell:2, microsoft/Quantum:2, XanaduAI/blackbird:2, QuantumBFS/Yao.jl:2, redhat-cip/openstack-quantum-puppet:2, vm6502q/qrack:2, iitis/QuantumInformation.jl:2, firebug/websocket-monitor:2, foxyproxy/firefox-extension:2, quantumlib/OpenFermion-Cirq:1, Quantum-Manager/quantummanager:1, softwareQinc/qpp:1, Qiskit/qiskit-ignis:1, boschmitt/tweedledum:1, Qiskit/qiskit-jku-provider:1, JavaFXpert/quantum-toy-piano-ibmq:1, "
12,Code Integration,1580,2.45,1580(2.45%),92,17.17,7,33.0779,"make, change, remove, code, work, clean, commit, interface, copy, separate, branch, header, command, check, internal, simplify, complete, avoid, part, include","12&Code Integration&1580(2.45%)&92&17.17&make, change, remove, code, work, clean, commit, interface, copy, separate, branch, header, command, check, internal, simplify, complete, avoid, part, include\\ %hline","cp2k/cp2k:261, m-labs/artiq:108, TRIQS/triqs:92, qutip/qutip:88, votca/xtp:81, Qiskit/qiskit-terra:76, hande-qmc/hande:71, quantumlib/Cirq:36, BBN-Q/QGL:30, qojulia/QuantumOptics.jl:29, BBN-Q/Qlab:26, evaleev/libint:25, BBN-Q/pyqgl2:24, jcmgray/quimb:24, qiskit-community/qiskit-vscode:22, deepchem/deepchem:21, GQCG/GQCP:21, theQRL/QRL:21, SoftwareQuTech/SimulaQron:20, QE-Lab/OpenQL:19, qutech/qupulse:19, lneuhaus/pyrpl:19, rigetti/pyquil:18, XanaduAI/pennylane:18, QuTech-Delft/qtt:17, qubekit/QUBEKit:15, aoterodelaroza/critic2:15, aiidateam/aiida-quantumespresso:14, Qiskit/qiskit-aer:14, microsoft/qmt:14, LCPQ/quantum_package:14, ericchansen/q2mm:13, Strilanc/Quirk:13, qucat/qucat:12, QuEST-Kit/QuEST:12, BBN-Q/PyQLab:12, softwareQinc/qpp:11, orbkit/orbkit:11, aparent/QCViewer:11, QInfer/python-qinfer:10, qcdb/qcdb:10, microsoft/qsharp-compiler:9, Quantomatic/pyzx:9, vm6502q/qrack:9, tmancal74/quantarhei:8, zlatko-minev/pyEPR:7, Quantum-Game/quantum-game-2:7, lanl/qmasm:7, quantacms/quanta:7, Qiskit/qiskit-ibmq-provider:6, microsoft/Quantum:6, dauphine-dev/drop-feeds:6, exaexa/codecrypt:6, ngnrsaa/qflex:6, Izheil/Quantum-Nox-Firefox-Dark-Full-Theme:6, Qiskit/qiskit-ignis:5, supernomad/quantum:5, QuantumBFS/YaoBlocks.jl:5, rigetti/qvm:5, redhat-cip/openstack-quantum-puppet:5, qiskit-community/qiskit-js:5, catho/quantum:5, microsoft/QuantumLibraries:4, vonDonnerstein/QuantumLab.jl:4, Qiskit/qiskit:4, arguelles/nuSQuIDS:4, XanaduAI/strawberryfields:4, tensorflow/quantum:3, QuantumBFS/Yao.jl:3, qulacs/qulacs:3, rigetti/forest-benchmarking:2, foxyproxy/firefox-extension:2, sedabull/quantum-shell:2, decodoku/A_Game_to_Benchmark_Quantum_Computers:2, issp-center-dev/HPhi:2, rigetti/rpcq:2, CQCL/pytket:2, HuangJunye/QPong:2, OriginQ/QPanda-2:1, marvel-nccr/quantum-mobile:1, quantumlib/OpenFermion-Cirq:1, QuantumPackage/qp2:1, JavaFXpert/quantum-toy-piano-ibmq:1, ProjectQ-Framework/ProjectQ:1, bloomberg/quantum:1, mupq/pqm4:1, softwareQinc/staq:1, Qiskit/qiskit-jku-provider:1, artiste-qb-net/qubiter:1, BBN-Q/QGL.jl:1, Blueqat/Blueqat:1, Approximates/dotBloch:1, "
13,Arrays and Matrix Operation,2522,3.92,2522(3.92%),91,27.71,9,63.916,"type, operator, array, index, complex, size, vector, real, pointer, definition, function, due, double, miss, constructor, return, correct, conversion, simple, reference","13&Arrays and Matrix Operation&2522(3.92%)&91&27.71&type, operator, array, index, complex, size, vector, real, pointer, definition, function, due, double, miss, constructor, return, correct, conversion, simple, reference\\ %hline","cp2k/cp2k:486, TRIQS/triqs:258, hande-qmc/hande:193, qutip/qutip:170, votca/xtp:138, m-labs/artiq:111, quantumlib/Cirq:78, qojulia/QuantumOptics.jl:60, evaleev/libint:57, GQCG/GQCP:51, qutech/qupulse:49, Strilanc/Quirk:46, deepchem/deepchem:44, aoterodelaroza/critic2:41, jcmgray/quimb:39, Qiskit/qiskit-terra:39, BBN-Q/pyqgl2:37, BBN-Q/Qlab:31, theQRL/QRL:29, issp-center-dev/HPhi:26, Qiskit/qiskit-aer:24, qiskit-community/qiskit-vscode:23, BBN-Q/PyQLab:21, microsoft/qsharp-compiler:19, rigetti/pyquil:19, BBN-Q/QGL:18, vm6502q/qrack:17, QuTech-Delft/qtt:17, QuEST-Kit/QuEST:16, LCPQ/quantum_package:16, microsoft/qmt:15, lanl/qmasm:14, XanaduAI/strawberryfields:13, rigetti/qvm:13, Quantomatic/pyzx:13, QE-Lab/OpenQL:12, orbkit/orbkit:12, iitis/QuantumInformation.jl:12, XanaduAI/pennylane:12, softwareQinc/qpp:11, catho/quantum:11, QInfer/python-qinfer:11, Quantum-Game/quantum-game-2:10, aparent/QCViewer:10, lneuhaus/pyrpl:10, qucat/qucat:9, tmancal74/quantarhei:9, ngnrsaa/qflex:8, quantacms/quanta:8, qulacs/qulacs:7, qubekit/QUBEKit:7, QuantumBFS/YaoBlocks.jl:7, lmacken/quantumrandom:7, rigetti/rpcq:6, bloomberg/quantum:6, dauphine-dev/drop-feeds:6, exaexa/codecrypt:5, aiidateam/aiida-quantumespresso:5, BBN-Q/QGL.jl:5, artiste-qb-net/qubiter:5, Qiskit/qiskit-ibmq-provider:4, tensorflow/quantum:4, softwareQinc/staq:4, arguelles/nuSQuIDS:4, HuangJunye/QPong:4, rigetti/forest-benchmarking:3, quantumlib/OpenFermion-Cirq:3, ericchansen/q2mm:3, qcdb/qcdb:3, OriginQ/QPanda-2:3, Izheil/Quantum-Nox-Firefox-Dark-Full-Theme:3, SoftwareQuTech/SimulaQron:3, qiskit-community/qiskit-js:3, redhat-cip/openstack-quantum-puppet:2, XanaduAI/blackbird:2, microsoft/QuantumLibraries:2, ProjectQ-Framework/ProjectQ:2, mupq/pqm4:2, foxyproxy/firefox-extension:2, Approximates/dotBloch:2, vonDonnerstein/QuantumLab.jl:2, supernomad/quantum:1, firebug/websocket-monitor:1, Blueqat/Blueqat:1, zoran-cuckovic/QGIS-visibility-analysis:1, Aris-t2/CustomCSSforFx:1, QuantumBFS/Yao.jl:1, microsoft/Quantum-NC:1, decodoku/A_Game_to_Benchmark_Quantum_Computers:1, Qiskit/qiskit-ignis:1, spikespaz/firefox-nativedark:1, "
14,GAMS,2439,3.79,2439(3.79%),94,25.95,9,64.7972,"default, set, support, matrix, flag, basis, full, reset, solver, initial, driver, decomposition, global, consistent, distribution, direct, setup, view, factor, addition","14&GAMS&2439(3.79%)&94&25.95&default, set, support, matrix, flag, basis, full, reset, solver, initial, driver, decomposition, global, consistent, distribution, direct, setup, view, factor, addition\\ %hline","cp2k/cp2k:537, qutip/qutip:261, m-labs/artiq:187, votca/xtp:115, hande-qmc/hande:101, GQCG/GQCP:74, aoterodelaroza/critic2:66, deepchem/deepchem:63, TRIQS/triqs:58, BBN-Q/Qlab:53, jcmgray/quimb:49, Qiskit/qiskit-terra:38, qojulia/QuantumOptics.jl:36, LCPQ/quantum_package:34, quantumlib/Cirq:33, lanl/qmasm:32, BBN-Q/QGL:32, issp-center-dev/HPhi:28, evaleev/libint:27, qutech/qupulse:24, dauphine-dev/drop-feeds:24, QuTech-Delft/qtt:24, QInfer/python-qinfer:24, BBN-Q/PyQLab:24, Strilanc/Quirk:21, Quantum-Game/quantum-game-2:18, QE-Lab/OpenQL:18, tmancal74/quantarhei:18, theQRL/QRL:16, rigetti/pyquil:15, catho/quantum:15, BBN-Q/pyqgl2:14, vm6502q/qrack:12, Qiskit/qiskit-ignis:11, ericchansen/q2mm:11, QuEST-Kit/QuEST:11, ngnrsaa/qflex:11, XanaduAI/strawberryfields:11, iitis/QuantumInformation.jl:11, XanaduAI/pennylane:10, Qiskit/qiskit-aer:10, qucat/qucat:10, softwareQinc/qpp:10, lneuhaus/pyrpl:10, Quantomatic/pyzx:10, Izheil/Quantum-Nox-Firefox-Dark-Full-Theme:10, ProjectQ-Framework/ProjectQ:9, supernomad/quantum:9, exaexa/codecrypt:9, zlatko-minev/pyEPR:8, marvel-nccr/quantum-mobile:8, firebug/websocket-monitor:8, Approximates/dotBloch:7, bloomberg/quantum:7, SoftwareQuTech/SimulaQron:7, qiskit-community/qiskit-vscode:7, microsoft/qmt:6, qulacs/qulacs:6, Qiskit/qiskit-ibmq-provider:6, tensorflow/quantum:6, quantacms/quanta:6, microsoft/Quantum:6, qcdb/qcdb:5, aiidateam/aiida-quantumespresso:5, QuantumPackage/qp2:5, Blueqat/Blueqat:5, rigetti/qvm:5, redhat-cip/openstack-quantum-puppet:4, HuangJunye/QPong:4, Qiskit/qiskit-jku-provider:4, orbkit/orbkit:4, microsoft/QuantumLibraries:4, spikespaz/firefox-nativedark:4, rigetti/forest-benchmarking:3, QuantumBFS/Yao.jl:3, microsoft/qsharp-compiler:3, qubekit/QUBEKit:3, artiste-qb-net/qubiter:3, Quantum-Manager/quantummanager:3, qiskit-community/qiskit-js:3, sedabull/quantum-shell:3, OriginQ/QPanda-2:3, boschmitt/tweedledum:3, quantumlib/OpenFermion-Cirq:2, JavaFXpert/quantum-toy-piano-ibmq:2, arguelles/nuSQuIDS:2, QuantumBFS/YaoBlocks.jl:2, Qiskit/qiskit:2, softwareQinc/staq:2, aparent/QCViewer:2, foxyproxy/firefox-extension:1, BBN-Q/QGL.jl:1, XanaduAI/blackbird:1, lmacken/quantumrandom:1, "
15,Batch/ Shell Scripting,2891,4.49,2891(4.49%),96,30.11,14,48.7118,"file, create, generate, script, system, level, include, match, folder, generation, load, component, color, setting, seed, directory, multiple, button, step, enable","15&Batch/ Shell Scripting&2891(4.49%)&96&30.11&file, create, generate, script, system, level, include, match, folder, generation, load, component, color, setting, seed, directory, multiple, button, step, enable\\ %hline","cp2k/cp2k:348, votca/xtp:191, Izheil/Quantum-Nox-Firefox-Dark-Full-Theme:164, catho/quantum:142, qutip/qutip:134, m-labs/artiq:117, hande-qmc/hande:96, aoterodelaroza/critic2:94, BBN-Q/Qlab:79, Qiskit/qiskit-terra:67, deepchem/deepchem:67, quantumlib/Cirq:58, dauphine-dev/drop-feeds:58, QE-Lab/OpenQL:55, TRIQS/triqs:52, Quantum-Game/quantum-game-2:50, QuEST-Kit/QuEST:50, BBN-Q/PyQLab:45, qiskit-community/qiskit-vscode:45, quantacms/quanta:45, BBN-Q/QGL:41, theQRL/QRL:34, aiidateam/aiida-quantumespresso:33, BBN-Q/pyqgl2:32, LCPQ/quantum_package:29, qucat/qucat:29, SoftwareQuTech/SimulaQron:29, issp-center-dev/HPhi:29, evaleev/libint:29, lneuhaus/pyrpl:28, Qiskit/qiskit:27, tmancal74/quantarhei:24, Strilanc/Quirk:24, ngnrsaa/qflex:24, GQCG/GQCP:24, qubekit/QUBEKit:23, microsoft/qmt:23, rigetti/pyquil:22, QuTech-Delft/qtt:22, Quantomatic/pyzx:19, ericchansen/q2mm:17, supernomad/quantum:17, lanl/qmasm:16, qutech/qupulse:16, qojulia/QuantumOptics.jl:15, aparent/QCViewer:15, orbkit/orbkit:14, marvel-nccr/quantum-mobile:14, jcmgray/quimb:14, artiste-qb-net/qubiter:13, spikespaz/firefox-nativedark:13, Qiskit/qiskit-ignis:12, qulacs/qulacs:12, HuangJunye/QPong:11, qiskit-community/qiskit-js:11, microsoft/qsharp-compiler:9, XanaduAI/pennylane:9, Approximates/dotBloch:9, XanaduAI/strawberryfields:8, redhat-cip/openstack-quantum-puppet:8, foxyproxy/firefox-extension:8, QInfer/python-qinfer:8, zlatko-minev/pyEPR:7, vm6502q/qrack:6, quantumlib/OpenFermion-Cirq:6, Qiskit/qiskit-aer:6, exaexa/codecrypt:6, Qiskit/qiskit-ibmq-provider:6, qcdb/qcdb:6, rigetti/qvm:5, JavaFXpert/quantum-toy-piano-ibmq:5, QuantumBFS/YaoBlocks.jl:5, microsoft/Quantum:5, arguelles/nuSQuIDS:5, iitis/QuantumInformation.jl:4, Quantum-Manager/quantummanager:4, decodoku/A_Game_to_Benchmark_Quantum_Computers:4, sedabull/quantum-shell:3, tensorflow/quantum:3, bloomberg/quantum:3, BBN-Q/QGL.jl:3, QuantumPackage/qp2:3, firebug/websocket-monitor:3, CQCL/pytket:3, Aris-t2/CustomCSSforFx:2, ProjectQ-Framework/ProjectQ:2, rigetti/rpcq:2, vonDonnerstein/QuantumLab.jl:2, Qiskit/qiskit-jku-provider:2, softwareQinc/staq:2, Blueqat/Blueqat:2, mupq/pqm4:1, XanaduAI/blackbird:1, microsoft/QuantumLibraries:1, softwareQinc/qpp:1, OriginQ/QPanda-2:1, "
16,Configuration Interaction,2167,3.37,2167(3.37%),87,24.91,6,92.6095,"number, give, result, multiple, store, element, calculate, previously, thread, procedure, iteration, single, find, large, sign, select, weight, determinant, previous, column","16&Configuration Interaction&2167(3.37%)&87&24.91&number, give, result, multiple, store, element, calculate, previously, thread, procedure, iteration, single, find, large, sign, select, weight, determinant, previous, column\\ %hline","hande-qmc/hande:806, cp2k/cp2k:322, m-labs/artiq:97, qutip/qutip:78, votca/xtp:76, BBN-Q/Qlab:51, issp-center-dev/HPhi:40, LCPQ/quantum_package:40, TRIQS/triqs:39, aoterodelaroza/critic2:39, Qiskit/qiskit-terra:25, deepchem/deepchem:25, theQRL/QRL:22, GQCG/GQCP:22, BBN-Q/pyqgl2:21, Strilanc/Quirk:20, BBN-Q/QGL:19, lanl/qmasm:18, QuEST-Kit/QuEST:18, ericchansen/q2mm:18, quantumlib/Cirq:18, qutech/qupulse:18, evaleev/libint:17, QInfer/python-qinfer:17, qucat/qucat:15, quantacms/quanta:15, jcmgray/quimb:13, BBN-Q/PyQLab:13, Quantum-Game/quantum-game-2:13, Qiskit/qiskit-aer:12, QuantumPackage/qp2:12, lneuhaus/pyrpl:12, QE-Lab/OpenQL:11, orbkit/orbkit:10, SoftwareQuTech/SimulaQron:10, qojulia/QuantumOptics.jl:9, Approximates/dotBloch:8, XanaduAI/strawberryfields:8, Quantomatic/pyzx:7, rigetti/pyquil:7, QuTech-Delft/qtt:7, Izheil/Quantum-Nox-Firefox-Dark-Full-Theme:7, tmancal74/quantarhei:7, rigetti/qvm:6, vm6502q/qrack:6, qiskit-community/qiskit-vscode:6, XanaduAI/pennylane:5, exaexa/codecrypt:4, Qiskit/qiskit-ignis:4, microsoft/QuantumLibraries:4, catho/quantum:4, firebug/websocket-monitor:4, ngnrsaa/qflex:4, Qiskit/qiskit:3, microsoft/qmt:3, vonDonnerstein/QuantumLab.jl:3, aparent/QCViewer:3, Qiskit/qiskit-ibmq-provider:2, bloomberg/quantum:2, aiidateam/aiida-quantumespresso:2, spikespaz/firefox-nativedark:2, arguelles/nuSQuIDS:2, qiskit-community/qiskit-js:2, qubekit/QUBEKit:2, decodoku/A_Game_to_Benchmark_Quantum_Computers:2, microsoft/qsharp-compiler:2, qcdb/qcdb:2, microsoft/Quantum-NC:2, foxyproxy/firefox-extension:2, supernomad/quantum:2, zlatko-minev/pyEPR:2, marvel-nccr/quantum-mobile:2, artiste-qb-net/qubiter:2, quantumlib/OpenFermion-Cirq:1, JavaFXpert/quantum-toy-piano-ibmq:1, rigetti/forest-benchmarking:1, redhat-cip/openstack-quantum-puppet:1, XanaduAI/blackbird:1, microsoft/Quantum:1, softwareQinc/staq:1, mupq/pqm4:1, ProjectQ-Framework/ProjectQ:1, tensorflow/quantum:1, dauphine-dev/drop-feeds:1, iitis/QuantumInformation.jl:1, Blueqat/Blueqat:1, softwareQinc/qpp:1, "
17,Module Testing,1791,2.78,1791(2.78%),93,19.26,8,36.0181,"work, problem, small, module, fix, bug, testing, cleanup, output, start, notebook, model, issue, fit, solve, improvement, clean, stuff, part, filter","17&Module Testing&1791(2.78%)&93&19.26&work, problem, small, module, fix, bug, testing, cleanup, output, start, notebook, model, issue, fit, solve, improvement, clean, stuff, part, filter\\ %hline","cp2k/cp2k:229, lneuhaus/pyrpl:205, votca/xtp:102, QuTech-Delft/qtt:90, qutip/qutip:90, m-labs/artiq:80, BBN-Q/Qlab:63, deepchem/deepchem:61, hande-qmc/hande:60, Qiskit/qiskit-terra:38, TRIQS/triqs:38, BBN-Q/PyQLab:36, BBN-Q/QGL:31, dauphine-dev/drop-feeds:31, qutech/qupulse:28, theQRL/QRL:27, QInfer/python-qinfer:22, LCPQ/quantum_package:22, microsoft/qmt:22, jcmgray/quimb:21, aoterodelaroza/critic2:20, orbkit/orbkit:19, BBN-Q/pyqgl2:19, quantumlib/Cirq:18, tmancal74/quantarhei:18, lanl/qmasm:18, Quantomatic/pyzx:16, QE-Lab/OpenQL:16, rigetti/forest-benchmarking:14, ericchansen/q2mm:14, rigetti/pyquil:13, Quantum-Game/quantum-game-2:13, Strilanc/Quirk:12, QuEST-Kit/QuEST:12, Izheil/Quantum-Nox-Firefox-Dark-Full-Theme:12, evaleev/libint:12, aparent/QCViewer:12, XanaduAI/strawberryfields:11, XanaduAI/pennylane:11, qubekit/QUBEKit:11, qiskit-community/qiskit-vscode:11, Qiskit/qiskit-aer:10, qojulia/QuantumOptics.jl:9, exaexa/codecrypt:9, quantacms/quanta:8, artiste-qb-net/qubiter:8, qucat/qucat:8, issp-center-dev/HPhi:8, Qiskit/qiskit-ignis:7, supernomad/quantum:6, marvel-nccr/quantum-mobile:6, catho/quantum:6, GQCG/GQCP:6, rigetti/qvm:5, SoftwareQuTech/SimulaQron:5, Approximates/dotBloch:5, ngnrsaa/qflex:4, aiidateam/aiida-quantumespresso:4, JavaFXpert/quantum-toy-piano-ibmq:4, Blueqat/Blueqat:4, zlatko-minev/pyEPR:4, tensorflow/quantum:4, qiskit-community/qiskit-js:4, Qiskit/qiskit-ibmq-provider:3, bloomberg/quantum:3, microsoft/qsharp-compiler:3, microsoft/Quantum:3, vm6502q/qrack:3, qcdb/qcdb:3, HuangJunye/QPong:3, sedabull/quantum-shell:3, quantumlib/OpenFermion-Cirq:2, Aris-t2/CustomCSSforFx:2, microsoft/QuantumLibraries:2, vonDonnerstein/QuantumLab.jl:2, ProjectQ-Framework/ProjectQ:2, foxyproxy/firefox-extension:2, softwareQinc/qpp:2, boschmitt/tweedledum:2, QuantumPackage/qp2:2, softwareQinc/staq:2, iitis/QuantumInformation.jl:2, lmacken/quantumrandom:2, spikespaz/firefox-nativedark:2, redhat-cip/openstack-quantum-puppet:1, Qiskit/qiskit:1, QuantumBFS/YaoBlocks.jl:1, qulacs/qulacs:1, BBN-Q/QGL.jl:1, firebug/websocket-monitor:1, QuantumBFS/Yao.jl:1, OriginQ/QPanda-2:1, XanaduAI/blackbird:1, "
18,Continous Integration,1657,2.57,1657(2.57%),93,17.82,9,29.9416,"run, job, time, issue, fail, release, python, commit, support, step, user, window, cache, build, ensure, tag, commit_add, failure, script, part","18&Continous Integration&1657(2.57%)&93&17.82&run, job, time, issue, fail, release, python, commit, support, step, user, window, cache, build, ensure, tag, commit_add, failure, script, part\\ %hline","cp2k/cp2k:204, Qiskit/qiskit-terra:155, m-labs/artiq:93, qutip/qutip:66, Qiskit/qiskit:65, votca/xtp:59, Qiskit/qiskit-ibmq-provider:58, Qiskit/qiskit-aer:54, quantumlib/Cirq:47, Qiskit/qiskit-ignis:43, hande-qmc/hande:43, BBN-Q/Qlab:39, deepchem/deepchem:39, theQRL/QRL:32, TRIQS/triqs:30, BBN-Q/pyqgl2:28, rigetti/pyquil:25, aoterodelaroza/critic2:22, BBN-Q/QGL:20, SoftwareQuTech/SimulaQron:19, qiskit-community/qiskit-vscode:19, qutech/qupulse:18, jcmgray/quimb:18, lneuhaus/pyrpl:17, qucat/qucat:17, GQCG/GQCP:17, BBN-Q/PyQLab:17, QE-Lab/OpenQL:16, marvel-nccr/quantum-mobile:15, QuEST-Kit/QuEST:15, Strilanc/Quirk:15, tmancal74/quantarhei:14, exaexa/codecrypt:13, qiskit-community/qiskit-js:13, quantacms/quanta:13, aparent/QCViewer:12, lanl/qmasm:12, evaleev/libint:12, LCPQ/quantum_package:12, Izheil/Quantum-Nox-Firefox-Dark-Full-Theme:11, XanaduAI/strawberryfields:11, ngnrsaa/qflex:10, microsoft/qmt:10, microsoft/qsharp-compiler:9, QuTech-Delft/qtt:9, qubekit/QUBEKit:9, XanaduAI/pennylane:9, aiidateam/aiida-quantumespresso:8, QuantumBFS/Yao.jl:8, QInfer/python-qinfer:7, Quantum-Game/quantum-game-2:7, ericchansen/q2mm:6, redhat-cip/openstack-quantum-puppet:6, dauphine-dev/drop-feeds:6, supernomad/quantum:6, rigetti/qvm:5, foxyproxy/firefox-extension:5, qulacs/qulacs:5, vonDonnerstein/QuantumLab.jl:5, vm6502q/qrack:4, qojulia/QuantumOptics.jl:4, decodoku/A_Game_to_Benchmark_Quantum_Computers:4, issp-center-dev/HPhi:4, sedabull/quantum-shell:4, softwareQinc/qpp:4, catho/quantum:4, Blueqat/Blueqat:4, rigetti/rpcq:3, microsoft/QuantumLibraries:3, orbkit/orbkit:3, boschmitt/tweedledum:3, tensorflow/quantum:3, Quantomatic/pyzx:3, ProjectQ-Framework/ProjectQ:3, arguelles/nuSQuIDS:2, quantumlib/OpenFermion-Cirq:2, JavaFXpert/quantum-toy-piano-ibmq:2, CQCL/pytket:2, mupq/pqm4:2, softwareQinc/staq:2, qcdb/qcdb:2, microsoft/Quantum:1, zlatko-minev/pyEPR:1, HuangJunye/QPong:1, bloomberg/quantum:1, lmacken/quantumrandom:1, BBN-Q/QGL.jl:1, iitis/QuantumInformation.jl:1, firebug/websocket-monitor:1, Qiskit/qiskit-jku-provider:1, OriginQ/QPanda-2:1, Quantum-Manager/quantummanager:1, microsoft/Quantum-NC:1, "
19,Code Review,1194,1.85,1194(1.85%),83,14.39,5,36.3203,"add, fix, test, update, docstre, docstring, change, remove, code_review, apply_suggestion, template, import, make, comment, sample, wire, linte, minor, black, rename","19&Code Review&1194(1.85%)&83&14.39&add, fix, test, update, docstre, docstring, change, remove, code_review, apply_suggestion, template, import, make, comment, sample, wire, linte, minor, black, rename\\ %hline","XanaduAI/pennylane:285, XanaduAI/strawberryfields:143, Qiskit/qiskit-terra:88, qutip/qutip:57, deepchem/deepchem:54, cp2k/cp2k:45, hande-qmc/hande:35, m-labs/artiq:32, votca/xtp:30, Qiskit/qiskit-ibmq-provider:24, rigetti/pyquil:21, TRIQS/triqs:20, qutech/qupulse:18, quantumlib/Cirq:16, QuTech-Delft/qtt:15, theQRL/QRL:15, Qiskit/qiskit-aer:14, GQCG/GQCP:14, microsoft/Quantum:13, microsoft/qmt:13, LCPQ/quantum_package:10, tensorflow/quantum:9, Strilanc/Quirk:9, qojulia/QuantumOptics.jl:9, qubekit/QUBEKit:9, softwareQinc/qpp:9, jcmgray/quimb:9, issp-center-dev/HPhi:9, BBN-Q/pyqgl2:8, qucat/qucat:8, qiskit-community/qiskit-vscode:8, aoterodelaroza/critic2:7, microsoft/QuantumLibraries:6, quantumlib/OpenFermion-Cirq:6, qiskit-community/qiskit-js:6, QuEST-Kit/QuEST:6, rigetti/forest-benchmarking:5, QInfer/python-qinfer:5, Quantum-Game/quantum-game-2:5, lneuhaus/pyrpl:5, SoftwareQuTech/SimulaQron:5, BBN-Q/PyQLab:5, catho/quantum:4, Qiskit/qiskit-ignis:4, qulacs/qulacs:4, QE-Lab/OpenQL:4, artiste-qb-net/qubiter:4, marvel-nccr/quantum-mobile:3, BBN-Q/QGL:3, QuantumBFS/YaoBlocks.jl:3, orbkit/orbkit:3, supernomad/quantum:3, BBN-Q/Qlab:3, microsoft/qsharp-compiler:2, Qiskit/qiskit:2, rigetti/qvm:2, Quantomatic/pyzx:2, Blueqat/Blueqat:2, evaleev/libint:2, QuantumBFS/Yao.jl:2, Izheil/Quantum-Nox-Firefox-Dark-Full-Theme:2, aparent/QCViewer:2, XanaduAI/blackbird:2, ProjectQ-Framework/ProjectQ:2, tmancal74/quantarhei:2, zlatko-minev/pyEPR:2, HuangJunye/QPong:2, aiidateam/aiida-quantumespresso:2, decodoku/A_Game_to_Benchmark_Quantum_Computers:2, boschmitt/tweedledum:1, lanl/qmasm:1, microsoft/Quantum-NC:1, ericchansen/q2mm:1, vm6502q/qrack:1, exaexa/codecrypt:1, sedabull/quantum-shell:1, foxyproxy/firefox-extension:1, qcdb/qcdb:1, BBN-Q/QGL.jl:1, CQCL/pytket:1, JavaFXpert/quantum-toy-piano-ibmq:1, dauphine-dev/drop-feeds:1, vonDonnerstein/QuantumLab.jl:1, "
20,Quatum Circuit Design,2093,3.25,2093(3.25%),90,23.26,7.5,62.2457,"fix, gate, circuit, import, qubit, style, instruction, method, operation, lint, support, display, label, control, deprecate, draw, remove, visualization, op, mergify","20&Quatum Circuit Design&2093(3.25%)&90&23.26&fix, gate, circuit, import, qubit, style, instruction, method, operation, lint, support, display, label, control, deprecate, draw, remove, visualization, op, mergify\\ %hline","Qiskit/qiskit-terra:539, quantumlib/Cirq:187, Strilanc/Quirk:151, qutip/qutip:115, QE-Lab/OpenQL:74, cp2k/cp2k:59, m-labs/artiq:57, aparent/QCViewer:52, Qiskit/qiskit-aer:47, rigetti/pyquil:37, BBN-Q/QGL:35, BBN-Q/pyqgl2:30, Qiskit/qiskit:28, hande-qmc/hande:27, Quantomatic/pyzx:26, theQRL/QRL:25, quantumlib/OpenFermion-Cirq:24, qiskit-community/qiskit-vscode:24, deepchem/deepchem:24, QuEST-Kit/QuEST:23, XanaduAI/pennylane:23, TRIQS/triqs:22, Quantum-Game/quantum-game-2:21, SoftwareQuTech/SimulaQron:20, Qiskit/qiskit-ignis:19, BBN-Q/Qlab:19, BBN-Q/PyQLab:18, HuangJunye/QPong:17, qutech/qupulse:17, Izheil/Quantum-Nox-Firefox-Dark-Full-Theme:17, QuTech-Delft/qtt:16, catho/quantum:16, aoterodelaroza/critic2:14, votca/xtp:12, XanaduAI/strawberryfields:11, ngnrsaa/qflex:11, softwareQinc/staq:11, Qiskit/qiskit-ibmq-provider:10, tensorflow/quantum:10, lanl/qmasm:9, artiste-qb-net/qubiter:9, jcmgray/quimb:9, evaleev/libint:8, qucat/qucat:8, GQCG/GQCP:8, ProjectQ-Framework/ProjectQ:7, Blueqat/Blueqat:7, qojulia/QuantumOptics.jl:7, dauphine-dev/drop-feeds:7, QInfer/python-qinfer:7, QuantumBFS/Yao.jl:6, foxyproxy/firefox-extension:6, softwareQinc/qpp:6, quantacms/quanta:5, microsoft/qmt:5, iitis/QuantumInformation.jl:5, vm6502q/qrack:4, qubekit/QUBEKit:4, lneuhaus/pyrpl:4, aiidateam/aiida-quantumespresso:4, redhat-cip/openstack-quantum-puppet:4, supernomad/quantum:4, boschmitt/tweedledum:4, LCPQ/quantum_package:4, QuantumBFS/YaoBlocks.jl:3, Qiskit/qiskit-jku-provider:3, rigetti/rpcq:3, qulacs/qulacs:3, tmancal74/quantarhei:3, microsoft/qsharp-compiler:3, marvel-nccr/quantum-mobile:3, qcdb/qcdb:3, rigetti/qvm:3, microsoft/QuantumLibraries:3, Approximates/dotBloch:3, issp-center-dev/HPhi:3, microsoft/Quantum:2, qiskit-community/qiskit-js:2, JavaFXpert/quantum-toy-piano-ibmq:2, zlatko-minev/pyEPR:2, firebug/websocket-monitor:1, OriginQ/QPanda-2:1, exaexa/codecrypt:1, decodoku/A_Game_to_Benchmark_Quantum_Computers:1, Quantum-Manager/quantummanager:1, sedabull/quantum-shell:1, CQCL/pytket:1, mupq/pqm4:1, XanaduAI/blackbird:1, orbkit/orbkit:1, "
21,Dependency Management,2616,4.06,2616(4.06%),96,27.25,12,46.4021,"version, build, package, dependency, install, requirement, path, cmake, source, require, target, instal, compile, project, library, compiler, installation, tool, external, late","21&Dependency Management&2616(4.06%)&96&27.25&version, build, package, dependency, install, requirement, path, cmake, source, require, target, instal, compile, project, library, compiler, installation, tool, external, late\\ %hline","cp2k/cp2k:345, m-labs/artiq:208, TRIQS/triqs:162, qutip/qutip:123, Qiskit/qiskit-terra:112, votca/xtp:92, quantumlib/Cirq:69, evaleev/libint:67, Qiskit/qiskit-aer:66, GQCG/GQCP:59, deepchem/deepchem:57, hande-qmc/hande:51, aoterodelaroza/critic2:43, rigetti/pyquil:41, Qiskit/qiskit:39, QuEST-Kit/QuEST:38, QE-Lab/OpenQL:37, theQRL/QRL:37, qiskit-community/qiskit-vscode:37, BBN-Q/Qlab:34, qutech/qupulse:34, aiidateam/aiida-quantumespresso:33, microsoft/qsharp-compiler:33, LCPQ/quantum_package:31, QuTech-Delft/qtt:29, catho/quantum:27, jcmgray/quimb:27, quantumlib/OpenFermion-Cirq:25, SoftwareQuTech/SimulaQron:25, tmancal74/quantarhei:24, microsoft/Quantum:23, Qiskit/qiskit-ignis:22, microsoft/qmt:21, QInfer/python-qinfer:21, vm6502q/qrack:20, marvel-nccr/quantum-mobile:19, Izheil/Quantum-Nox-Firefox-Dark-Full-Theme:19, rigetti/qvm:18, qucat/qucat:18, BBN-Q/pyqgl2:17, BBN-Q/QGL:17, BBN-Q/PyQLab:16, microsoft/QuantumLibraries:15, issp-center-dev/HPhi:15, QuantumBFS/Yao.jl:14, Strilanc/Quirk:14, XanaduAI/strawberryfields:13, XanaduAI/pennylane:12, aparent/QCViewer:12, qojulia/QuantumOptics.jl:12, ngnrsaa/qflex:12, lneuhaus/pyrpl:11, qiskit-community/qiskit-js:11, quantacms/quanta:11, Qiskit/qiskit-ibmq-provider:10, CQCL/pytket:10, softwareQinc/qpp:10, qubekit/QUBEKit:10, rigetti/rpcq:9, orbkit/orbkit:9, Quantum-Game/quantum-game-2:9, Quantomatic/pyzx:9, JavaFXpert/quantum-toy-piano-ibmq:9, exaexa/codecrypt:8, supernomad/quantum:8, Blueqat/Blueqat:8, qulacs/qulacs:7, zlatko-minev/pyEPR:7, foxyproxy/firefox-extension:7, iitis/QuantumInformation.jl:7, tensorflow/quantum:6, rigetti/forest-benchmarking:6, redhat-cip/openstack-quantum-puppet:6, softwareQinc/staq:6, microsoft/Quantum-NC:6, bloomberg/quantum:5, mupq/pqm4:5, boschmitt/tweedledum:5, artiste-qb-net/qubiter:5, dauphine-dev/drop-feeds:5, QuantumBFS/YaoBlocks.jl:5, ericchansen/q2mm:4, vonDonnerstein/QuantumLab.jl:4, qcdb/qcdb:3, arguelles/nuSQuIDS:3, Qiskit/qiskit-jku-provider:2, QuantumPackage/qp2:2, lanl/qmasm:2, OriginQ/QPanda-2:2, XanaduAI/blackbird:2, decodoku/A_Game_to_Benchmark_Quantum_Computers:2, HuangJunye/QPong:1, Approximates/dotBloch:1, firebug/websocket-monitor:1, ProjectQ-Framework/ProjectQ:1, BBN-Q/QGL.jl:1, "
22,Basis set Exchange,1767,2.74,1767(2.74%),89,19.85,7,49.6104,"extra, option, message, parallel, grid, info, generator, task, member, ability, group, point, require, couple, distribute, object, basis_set, cdfa, network, share","22&Basis set Exchange&1767(2.74%)&89&19.85&extra, option, message, parallel, grid, info, generator, task, member, ability, group, point, require, couple, distribute, object, basis_set, cdfa, network, share\\ %hline","cp2k/cp2k:416, votca/xtp:189, hande-qmc/hande:100, m-labs/artiq:81, qutip/qutip:69, deepchem/deepchem:55, Izheil/Quantum-Nox-Firefox-Dark-Full-Theme:53, evaleev/libint:47, LCPQ/quantum_package:39, aoterodelaroza/critic2:36, qubekit/QUBEKit:35, microsoft/qmt:35, QE-Lab/OpenQL:29, BBN-Q/Qlab:25, Qiskit/qiskit-terra:25, TRIQS/triqs:23, jcmgray/quimb:22, theQRL/QRL:21, SoftwareQuTech/SimulaQron:19, QuEST-Kit/QuEST:19, QInfer/python-qinfer:16, quantumlib/Cirq:14, ngnrsaa/qflex:14, BBN-Q/PyQLab:14, lanl/qmasm:13, qcdb/qcdb:13, BBN-Q/QGL:13, aiidateam/aiida-quantumespresso:12, dauphine-dev/drop-feeds:12, qucat/qucat:12, orbkit/orbkit:12, Quantum-Game/quantum-game-2:12, Quantomatic/pyzx:12, supernomad/quantum:11, tmancal74/quantarhei:11, exaexa/codecrypt:11, qiskit-community/qiskit-vscode:11, BBN-Q/pyqgl2:10, GQCG/GQCP:10, QuTech-Delft/qtt:9, quantacms/quanta:9, Qiskit/qiskit-ibmq-provider:8, qojulia/QuantumOptics.jl:8, Strilanc/Quirk:8, Qiskit/qiskit-aer:7, rigetti/pyquil:7, ericchansen/q2mm:7, vm6502q/qrack:7, XanaduAI/strawberryfields:6, rigetti/rpcq:6, catho/quantum:6, Qiskit/qiskit-ignis:6, vonDonnerstein/QuantumLab.jl:6, qutech/qupulse:6, redhat-cip/openstack-quantum-puppet:6, Blueqat/Blueqat:6, issp-center-dev/HPhi:6, spikespaz/firefox-nativedark:5, aparent/QCViewer:5, softwareQinc/qpp:5, softwareQinc/staq:5, rigetti/qvm:4, XanaduAI/pennylane:4, QuantumPackage/qp2:3, arguelles/nuSQuIDS:3, lneuhaus/pyrpl:3, marvel-nccr/quantum-mobile:2, mupq/pqm4:2, BBN-Q/QGL.jl:2, zlatko-minev/pyEPR:2, Approximates/dotBloch:2, qiskit-community/qiskit-js:2, decodoku/A_Game_to_Benchmark_Quantum_Computers:2, iitis/QuantumInformation.jl:2, ProjectQ-Framework/ProjectQ:2, firebug/websocket-monitor:2, quantumlib/OpenFermion-Cirq:2, microsoft/qsharp-compiler:2, foxyproxy/firefox-extension:1, OriginQ/QPanda-2:1, artiste-qb-net/qubiter:1, microsoft/Quantum:1, Qiskit/qiskit:1, CQCL/pytket:1, tensorflow/quantum:1, qulacs/qulacs:1, HuangJunye/QPong:1, rigetti/forest-benchmarking:1, JavaFXpert/quantum-toy-piano-ibmq:1, "
23,State space Representation,2166,3.36,2166(3.36%),90,24.07,8,49.2359,"parameter, variable, state, issue, correct, order, check, space, correctly, set, save, branch_extra, branch_prerelease, cba, address, implement, unused, scale, properly, apply","23&State space Representation&2166(3.36%)&90&24.07&parameter, variable, state, issue, correct, order, check, space, correctly, set, save, branch_extra, branch_prerelease, cba, address, implement, unused, scale, properly, apply\\ %hline","cp2k/cp2k:329, evaleev/libint:255, BBN-Q/Qlab:152, hande-qmc/hande:127, votca/xtp:101, m-labs/artiq:97, qutip/qutip:90, theQRL/QRL:66, Qiskit/qiskit-terra:63, aoterodelaroza/critic2:43, ericchansen/q2mm:38, deepchem/deepchem:38, BBN-Q/PyQLab:36, BBN-Q/pyqgl2:35, qutech/qupulse:35, quantumlib/Cirq:33, BBN-Q/QGL:31, TRIQS/triqs:28, tmancal74/quantarhei:27, Izheil/Quantum-Nox-Firefox-Dark-Full-Theme:26, LCPQ/quantum_package:26, Quantum-Game/quantum-game-2:22, lneuhaus/pyrpl:21, qiskit-community/qiskit-vscode:21, lanl/qmasm:19, Strilanc/Quirk:19, qojulia/QuantumOptics.jl:18, quantacms/quanta:18, GQCG/GQCP:16, aparent/QCViewer:16, rigetti/qvm:15, XanaduAI/pennylane:14, jcmgray/quimb:14, issp-center-dev/HPhi:14, catho/quantum:13, rigetti/pyquil:13, QuTech-Delft/qtt:12, QE-Lab/OpenQL:10, Quantomatic/pyzx:10, QInfer/python-qinfer:9, QuEST-Kit/QuEST:9, iitis/QuantumInformation.jl:9, ngnrsaa/qflex:9, supernomad/quantum:8, vm6502q/qrack:8, qucat/qucat:8, Approximates/dotBloch:8, softwareQinc/qpp:8, Qiskit/qiskit-aer:7, aiidateam/aiida-quantumespresso:7, microsoft/qmt:7, dauphine-dev/drop-feeds:7, firebug/websocket-monitor:6, orbkit/orbkit:6, Qiskit/qiskit:6, SoftwareQuTech/SimulaQron:5, marvel-nccr/quantum-mobile:5, HuangJunye/QPong:5, XanaduAI/strawberryfields:4, QuantumBFS/Yao.jl:4, BBN-Q/QGL.jl:4, Qiskit/qiskit-ibmq-provider:4, exaexa/codecrypt:4, tensorflow/quantum:3, Qiskit/qiskit-ignis:3, QuantumBFS/YaoBlocks.jl:3, zlatko-minev/pyEPR:3, qubekit/QUBEKit:3, JavaFXpert/quantum-toy-piano-ibmq:3, mupq/pqm4:2, microsoft/QuantumLibraries:2, ProjectQ-Framework/ProjectQ:2, qulacs/qulacs:2, foxyproxy/firefox-extension:2, artiste-qb-net/qubiter:2, qcdb/qcdb:2, arguelles/nuSQuIDS:2, Blueqat/Blueqat:2, microsoft/qsharp-compiler:1, rigetti/rpcq:1, redhat-cip/openstack-quantum-puppet:1, rigetti/forest-benchmarking:1, qiskit-community/qiskit-js:1, QuantumPackage/qp2:1, CQCL/pytket:1, lmacken/quantumrandom:1, microsoft/Quantum:1, bloomberg/quantum:1, Qiskit/qiskit-jku-provider:1, boschmitt/tweedledum:1, "
24,Path Integral,1848,2.87,1848(2.87%),89,20.76,5,54.5636,"function, compute, integral, term, potential, hamiltonian, derivative, correction, functional, evaluate, gaussian, diagonal, evaluation, storage, convention, contraction, related, contribution, product, calculate","24&Path Integral&1848(2.87%)&89&20.76&function, compute, integral, term, potential, hamiltonian, derivative, correction, functional, evaluate, gaussian, diagonal, evaluation, storage, convention, contraction, related, contribution, product, calculate\\ %hline","cp2k/cp2k:433, qutip/qutip:240, votca/xtp:132, hande-qmc/hande:96, m-labs/artiq:73, TRIQS/triqs:60, evaleev/libint:50, GQCG/GQCP:47, issp-center-dev/HPhi:45, jcmgray/quimb:42, BBN-Q/pyqgl2:37, QuEST-Kit/QuEST:35, aoterodelaroza/critic2:35, deepchem/deepchem:34, LCPQ/quantum_package:31, qutech/qupulse:23, tmancal74/quantarhei:22, Qiskit/qiskit-terra:21, QuTech-Delft/qtt:20, qojulia/QuantumOptics.jl:20, orbkit/orbkit:18, XanaduAI/strawberryfields:15, quantumlib/Cirq:14, QuantumPackage/qp2:13, XanaduAI/pennylane:13, qucat/qucat:13, ngnrsaa/qflex:12, theQRL/QRL:12, BBN-Q/Qlab:12, QE-Lab/OpenQL:11, BBN-Q/QGL:10, Strilanc/Quirk:10, Quantomatic/pyzx:10, ericchansen/q2mm:9, lneuhaus/pyrpl:8, QInfer/python-qinfer:8, rigetti/pyquil:8, artiste-qb-net/qubiter:7, qcdb/qcdb:7, iitis/QuantumInformation.jl:7, Izheil/Quantum-Nox-Firefox-Dark-Full-Theme:6, microsoft/qmt:6, rigetti/qvm:5, zlatko-minev/pyEPR:5, Qiskit/qiskit-ignis:5, qulacs/qulacs:5, softwareQinc/qpp:5, aparent/QCViewer:5, Qiskit/qiskit-aer:5, microsoft/QuantumLibraries:4, Blueqat/Blueqat:4, SoftwareQuTech/SimulaQron:4, exaexa/codecrypt:4, microsoft/Quantum:4, vonDonnerstein/QuantumLab.jl:4, BBN-Q/PyQLab:4, supernomad/quantum:4, qiskit-community/qiskit-vscode:4, boschmitt/tweedledum:3, QuantumBFS/YaoBlocks.jl:3, vm6502q/qrack:3, quantacms/quanta:3, redhat-cip/openstack-quantum-puppet:2, quantumlib/OpenFermion-Cirq:2, qiskit-community/qiskit-js:2, aiidateam/aiida-quantumespresso:2, rigetti/forest-benchmarking:2, catho/quantum:2, microsoft/qsharp-compiler:2, Qiskit/qiskit:2, OriginQ/QPanda-2:2, qubekit/QUBEKit:2, arguelles/nuSQuIDS:2, ProjectQ-Framework/ProjectQ:2, softwareQinc/staq:2, Approximates/dotBloch:1, QuantumBFS/Yao.jl:1, bloomberg/quantum:1, lanl/qmasm:1, spikespaz/firefox-nativedark:1, foxyproxy/firefox-extension:1, Qiskit/qiskit-ibmq-provider:1, BBN-Q/QGL.jl:1, rigetti/rpcq:1, Quantum-Game/quantum-game-2:1, Quantum-Manager/quantummanager:1, decodoku/A_Game_to_Benchmark_Quantum_Computers:1, marvel-nccr/quantum-mobile:1, tensorflow/quantum:1, "
,,64390,,,,,,,,,